name,description,owner_avatar_url,html_url,stargazers_count,created_at,updated_at,pushed_at
billboard.js," üìä Re-usable, easy interface JavaScript chart library based on D3.js",https://avatars.githubusercontent.com/u/6589568?v=4,https://github.com/naver/billboard.js,5796,2017-06-08T02:54:44Z,2024-08-17T07:49:28Z,2024-08-15T00:47:11Z
britecharts,Composable Charting Library based on reusable D3.js components.,https://avatars.githubusercontent.com/u/63871609?v=4,https://github.com/britecharts/britecharts,3739,2015-05-19T22:42:39Z,2024-08-14T20:32:58Z,2023-09-05T09:22:01Z
chart-parts,"A flexible, React-friendly, Grammar of Graphics for data visualization",https://avatars.githubusercontent.com/u/6154722?v=4,https://github.com/microsoft/chart-parts,607,2018-08-22T21:27:27Z,2024-07-29T07:03:02Z,2023-06-09T23:33:47Z
cubism,Cubism.js: A JavaScript library for time series visualization.,https://avatars.githubusercontent.com/u/82592?v=4,https://github.com/square/cubism,4939,2012-03-28T20:30:48Z,2024-08-09T04:06:59Z,2023-03-19T08:29:27Z
c3,:bar_chart: A D3-based reusable chart library,https://avatars.githubusercontent.com/u/9966497?v=4,https://github.com/c3js/c3,9336,2013-07-18T06:51:40Z,2024-08-14T11:30:44Z,2024-06-20T06:12:32Z
dagre-d3,A D3-based renderer for Dagre,https://avatars.githubusercontent.com/u/34791034?v=4,https://github.com/dagrejs/dagre-d3,2833,2013-09-26T03:44:19Z,2024-08-16T12:09:10Z,2024-03-13T15:09:07Z
dc.js,Multi-Dimensional charting built to work natively with crossfilter rendered with d3.js,https://avatars.githubusercontent.com/u/6378965?v=4,https://github.com/dc-js/dc.js,7416,2012-06-19T14:20:30Z,2024-08-16T23:02:59Z,2024-07-31T16:01:22Z
d2b,Reusable d3-based chart library.,https://avatars.githubusercontent.com/u/25933194?v=4,https://github.com/d2bjs/d2b,98,2017-02-21T16:12:26Z,2024-03-07T09:03:59Z,2022-12-03T12:34:31Z
d3-bar,D3 bar chart,https://avatars.githubusercontent.com/u/25254?v=4,https://github.com/tj/d3-bar,173,2016-03-18T00:23:02Z,2023-08-23T01:59:44Z,2019-04-30T11:27:16Z
d3-beeswarm,D3 plugin which computes a 'beeswarm' arrangement,https://avatars.githubusercontent.com/u/4328986?v=4,https://github.com/Kcnarf/d3-beeswarm,52,2016-06-07T07:41:29Z,2024-06-17T18:28:01Z,2022-08-16T09:47:45Z
d3-boxplot,d3js box plot plugin,https://avatars.githubusercontent.com/u/2233956?v=4,https://github.com/akngs/d3-boxplot,23,2019-02-20T00:48:53Z,2024-06-20T15:18:33Z,2023-03-10T23:56:54Z
d3-bumps-chart,A d3 plugin for visualizing bumps charts,https://avatars.githubusercontent.com/u/981531?v=4,https://github.com/johnwalley/d3-bumps-chart,14,2016-09-01T10:26:11Z,2024-01-14T12:44:17Z,2023-12-24T22:43:38Z
d3-dag,Layout algorithms for visualizing directed acyclic graphs,https://avatars.githubusercontent.com/u/858926?v=4,https://github.com/erikbrinkman/d3-dag,1439,2018-07-06T03:31:09Z,2024-08-16T16:55:35Z,2024-06-19T19:29:23Z
d3-ez,D3-EZ Easy Reusable Charts,https://avatars.githubusercontent.com/u/13055416?v=4,https://github.com/jamesleesaunders/d3-ez,49,2015-07-08T08:44:55Z,2024-06-20T20:34:26Z,2024-08-16T23:34:48Z
d3-flame-graph,A D3.js plugin that produces flame graphs from hierarchical data.,https://avatars.githubusercontent.com/u/2207415?v=4,https://github.com/spiermar/d3-flame-graph,875,2015-10-02T22:49:28Z,2024-08-16T07:40:55Z,2024-06-06T16:22:36Z
d3-funnel,A JavaScript library for rendering funnel charts using the D3.js framework.,https://avatars.githubusercontent.com/u/3210703?v=4,https://github.com/jakezatecky/d3-funnel,331,2014-07-15T23:02:30Z,2024-07-03T19:33:36Z,2024-07-29T10:07:15Z
d3-gridding,grids for rapid D3 charts mockups,https://avatars.githubusercontent.com/u/586236?v=4,https://github.com/romsson/d3-gridding,104,2016-07-28T11:50:39Z,2024-03-03T00:08:20Z,2022-07-20T18:20:32Z
d3-heatmap,D3 heatmap ,https://avatars.githubusercontent.com/u/25254?v=4,https://github.com/tj/d3-heatmap,243,2016-03-18T22:12:00Z,2023-07-06T13:28:13Z,2016-06-03T20:58:46Z
d3-message-sequence,Dynamic message sequence charts for d3.,https://avatars.githubusercontent.com/u/30394?v=4,https://github.com/koudelka/d3-message-sequence,100,2015-11-25T21:28:34Z,2024-03-03T23:38:52Z,2018-06-21T08:00:14Z
d3-upset,An UpSet plot in d3.js.,https://avatars.githubusercontent.com/u/22619048?v=4,https://github.com/chuntul/d3-upset,16,2018-06-14T02:34:42Z,2023-05-12T09:45:50Z,2020-06-09T23:30:09Z
d3-x3d,3D Data Driven Charting Library with D3 and X3D,https://avatars.githubusercontent.com/u/13055416?v=4,https://github.com/jamesleesaunders/d3-x3d,106,2018-09-08T10:23:10Z,2024-07-18T06:36:29Z,2024-07-08T08:37:46Z
d3fc,A collection of components that make it easy to build interactive charts with D3,https://avatars.githubusercontent.com/u/14138478?v=4,https://github.com/d3fc/d3fc,1284,2014-10-06T15:03:11Z,2024-08-16T15:49:46Z,2024-08-05T12:11:27Z
d3plus,A javascript library that extends D3.js to enable fast and beautiful visualizations.,https://avatars.githubusercontent.com/u/13490477?v=4,https://github.com/d3plus/d3plus,1624,2013-01-09T00:26:58Z,2024-08-17T13:55:01Z,2024-02-14T21:24:13Z
d3panels,"A library of d3-based graphic panels, written in CoffeeScript",https://avatars.githubusercontent.com/u/53972?v=4,https://github.com/kbroman/d3panels,28,2014-12-02T13:13:12Z,2022-01-08T12:58:50Z,2023-07-12T02:40:56Z
d3pie,A configurable pie chart lib and generator built on d3.js,https://avatars.githubusercontent.com/u/512116?v=4,https://github.com/benkeen/d3pie,370,2013-12-25T05:03:42Z,2023-07-23T13:48:07Z,2022-09-21T10:49:38Z
D3xter,Straight forward plotting built on D3 ,https://avatars.githubusercontent.com/u/3989198?v=4,https://github.com/NathanEpstein/D3xter,340,2014-10-27T14:04:33Z,2024-08-03T18:48:22Z,2020-10-13T20:28:33Z
d4,A friendly reusable charts DSL for D3,https://avatars.githubusercontent.com/u/123?v=4,https://github.com/heavysixer/d4,432,2014-01-27T18:04:54Z,2024-05-18T12:17:09Z,2020-04-11T20:53:40Z
dTree,"A library for visualizing data trees with multiple parents, such as family trees. Built on top of D3.",https://avatars.githubusercontent.com/u/3374401?v=4,https://github.com/ErikGartner/dTree,516,2015-12-23T16:06:39Z,2024-08-15T00:24:15Z,2024-05-14T09:32:56Z
EventDrops,A time based / event series interactive visualization using d3.js,https://avatars.githubusercontent.com/u/3116319?v=4,https://github.com/marmelab/EventDrops,1242,2014-09-16T08:14:58Z,2024-08-05T05:27:56Z,2023-03-18T08:29:41Z
metrics-graphics,A library optimized for concise and principled data graphics and layouts.,https://avatars.githubusercontent.com/u/37669658?v=4,https://github.com/metricsgraphics/metrics-graphics,7464,2014-05-01T18:25:52Z,2024-08-04T23:33:48Z,2022-05-31T15:05:59Z
micropolar,A tiny polar charts library made with D3.js,https://avatars.githubusercontent.com/u/824534?v=4,https://github.com/biovisualize/micropolar,125,2013-09-20T14:03:25Z,2024-05-25T19:07:44Z,2024-05-25T19:20:06Z
mpld3,An interactive data visualization tool which brings matplotlib graphics to the browser using D3.,https://avatars.githubusercontent.com/u/6522021?v=4,https://github.com/mpld3/mpld3,2344,2013-12-18T01:48:30Z,2024-08-11T19:40:30Z,2024-01-11T18:01:50Z
neo4jd3,Neo4j graph visualization using D3.js,https://avatars.githubusercontent.com/u/1325977?v=4,https://github.com/eisman/neo4jd3,1362,2016-09-11T12:43:04Z,2024-08-15T08:35:20Z,2021-04-24T20:38:43Z
nvd3,A reusable charting library written in d3.js,https://avatars.githubusercontent.com/u/293390?v=4,https://github.com/novus/nvd3,7218,2012-11-15T18:51:59Z,2024-08-14T20:27:41Z,2023-09-15T20:36:03Z
oecd-simple-charts,A lightweight charting tool,https://avatars.githubusercontent.com/u/30502708?v=4,https://github.com/oecd-cyc/oecd-simple-charts,19,2018-02-18T14:55:24Z,2024-01-28T14:52:14Z,2022-12-09T04:52:50Z
plotly.js,Open-source JavaScript charting library behind Plotly and Dash,https://avatars.githubusercontent.com/u/5997976?v=4,https://github.com/plotly/plotly.js,16798,2015-11-05T23:27:17Z,2024-08-17T21:21:02Z,2024-08-17T22:25:51Z
plottable,:bar_chart: A library of modular chart components built on D3,https://avatars.githubusercontent.com/u/303157?v=4,https://github.com/palantir/plottable,2962,2014-01-22T19:29:19Z,2024-08-17T14:01:36Z,2023-08-03T14:04:53Z
rickshaw, JavaScript toolkit for creating interactive real-time graphs,https://avatars.githubusercontent.com/u/589896?v=4,https://github.com/shutterstock/rickshaw,6532,2011-10-20T22:02:37Z,2024-08-08T15:19:06Z,2024-03-26T10:26:39Z
tauCharts,D3 based data-focused charting library. Designed with passion. Flexible.,https://avatars.githubusercontent.com/u/649085?v=4,https://github.com/TargetProcess/tauCharts,1916,2014-01-17T09:03:30Z,2024-08-13T08:43:46Z,2023-10-04T14:07:25Z
vega,A visualization grammar.,https://avatars.githubusercontent.com/u/11796929?v=4,https://github.com/vega/vega,11022,2013-02-03T18:36:30Z,2024-08-18T01:52:12Z,2024-08-09T14:19:43Z
vega-lite,"A concise grammar of interactive graphics, built on Vega.",https://avatars.githubusercontent.com/u/11796929?v=4,https://github.com/vega/vega-lite,4588,2014-11-20T20:52:04Z,2024-08-17T09:18:29Z,2024-08-14T09:10:30Z
vega-lite-api,A JavaScript API for Vega-Lite.,https://avatars.githubusercontent.com/u/11796929?v=4,https://github.com/vega/vega-lite-api,211,2019-03-22T22:16:49Z,2024-07-08T00:58:53Z,2023-05-08T06:57:09Z
venn.js,Area proportional Venn and Euler diagrams in JavaScript,https://avatars.githubusercontent.com/u/69536?v=4,https://github.com/benfred/venn.js,1035,2013-05-09T17:13:20Z,2024-08-13T21:09:07Z,2021-01-16T06:21:00Z
visavail,A D3.js Time Data Availability Visualization,https://avatars.githubusercontent.com/u/9593883?v=4,https://github.com/flrs/visavail,308,2016-06-07T13:45:12Z,2024-07-31T17:11:18Z,2021-07-26T11:51:17Z
vizabi,Vizabi is a framework for building visual data exploration tools freely provided by @Gapminder,https://avatars.githubusercontent.com/u/20951922?v=4,https://github.com/vizabi/vizabi,273,2014-06-03T08:14:17Z,2024-05-08T09:43:52Z,2023-11-22T11:00:55Z
WebCola,Javascript constraint-based graph layout,https://avatars.githubusercontent.com/u/2754673?v=4,https://github.com/tgdwyer/WebCola,2002,2013-07-10T05:42:18Z,2024-08-12T17:25:20Z,2023-07-19T00:21:04Z
xkcdgraphs,Instant XKCD-style Graphs created in Javascript D3 for your enjoyment,https://avatars.githubusercontent.com/u/644634?v=4,https://github.com/imkevinxu/xkcdgraphs,442,2012-12-08T19:25:04Z,2024-04-08T06:44:17Z,2017-10-28T03:59:28Z
layercake,graphics framework for sveltejs,https://avatars.githubusercontent.com/u/498744?v=4,https://github.com/mhkeller/layercake,1327,2018-07-17T06:49:33Z,2024-08-17T13:15:53Z,2024-08-15T09:18:59Z
nivo,"nivo provides a rich set of dataviz components, built on top of the awesome d3 and React libraries",https://avatars.githubusercontent.com/u/501642?v=4,https://github.com/plouc/nivo,13012,2016-04-16T03:27:56Z,2024-08-17T22:07:12Z,2024-08-15T22:24:34Z
ngx-charts,:bar_chart: Declarative Charting Framework for Angular,https://avatars.githubusercontent.com/u/10552812?v=4,https://github.com/swimlane/ngx-charts,4284,2016-07-22T15:58:41Z,2024-08-02T15:56:24Z,2024-07-10T06:15:26Z
potion,"React components for declaratively composing animated, interactive visualizations.",https://avatars.githubusercontent.com/u/4628721?v=4,https://github.com/finnfiddle/potion,184,2017-01-12T22:24:36Z,2024-04-20T17:56:26Z,2018-04-19T19:32:18Z
react-d3-components,D3 Components for React,https://avatars.githubusercontent.com/u/5276006?v=4,https://github.com/codesuki/react-d3-components,1626,2015-02-06T01:28:27Z,2024-07-30T08:39:27Z,2022-01-11T11:39:52Z
react-d3-library,Open source library for using D3 in React,https://avatars.githubusercontent.com/u/19215124?v=4,https://github.com/react-d3-library/react-d3-library,1522,2016-05-05T23:08:31Z,2024-08-14T13:55:21Z,2021-03-04T22:07:06Z
react-stockcharts,Highly customizable stock charts with ReactJS and d3,https://avatars.githubusercontent.com/u/10691183?v=4,https://github.com/rrag/react-stockcharts,3855,2015-02-22T14:34:39Z,2024-08-18T04:54:22Z,2023-03-09T04:15:58Z
react-vis,Data Visualization Components,https://avatars.githubusercontent.com/u/538264?v=4,https://github.com/uber/react-vis,8709,2016-02-22T20:45:50Z,2024-08-16T03:13:09Z,2023-10-31T06:52:42Z
reaviz,üìä Data visualization library for React. Maintained by @goodcodeus.,https://avatars.githubusercontent.com/u/63881140?v=4,https://github.com/reaviz/reaviz,989,2020-04-17T21:17:18Z,2024-08-17T14:00:28Z,2024-08-01T12:29:17Z
recharts,Redefined chart library built with React and D3,https://avatars.githubusercontent.com/u/13690587?v=4,https://github.com/recharts/recharts,23511,2015-08-07T06:50:27Z,2024-08-18T05:11:10Z,2024-08-16T16:08:50Z
semiotic,A data visualization framework combining React & D3,https://avatars.githubusercontent.com/u/12401040?v=4,https://github.com/nteract/semiotic,2430,2017-03-16T17:46:24Z,2024-08-16T03:14:59Z,2024-04-10T15:50:49Z
victory,A collection of composable React components for building interactive data visualizations,https://avatars.githubusercontent.com/u/5078602?v=4,https://github.com/FormidableLabs/victory,10945,2015-07-02T22:36:50Z,2024-08-17T19:56:40Z,2024-08-15T22:03:20Z
visx,üêØ visx | visualization components,https://avatars.githubusercontent.com/u/698437?v=4,https://github.com/airbnb/visx,19240,2017-03-15T16:25:41Z,2024-08-17T21:51:58Z,2024-08-17T00:02:53Z
Vs,Vue Visualisation Package using d3.js and leaflet.,https://avatars.githubusercontent.com/u/33961674?v=4,https://github.com/GopherJ/Vs,167,2018-03-28T10:37:29Z,2024-03-21T06:23:43Z,2020-10-21T13:13:41Z
v-chart-plugin,Easily bind a chart to the data stored in your Vue.js components.,https://avatars.githubusercontent.com/u/5210420?v=4,https://github.com/ignoreintuition/v-chart-plugin,198,2018-08-28T03:19:34Z,2024-04-11T20:13:51Z,2023-03-15T11:10:28Z
d3-composite-projections,Set of d3 projections for showing countries distant lands together,https://avatars.githubusercontent.com/u/2832885?v=4,https://github.com/rveciana/d3-composite-projections,99,2015-04-24T11:23:53Z,2024-07-28T03:56:32Z,2023-03-14T06:43:04Z
datamaps,Customizable SVG map visualizations for the web in a single Javascript file using D3.js,https://avatars.githubusercontent.com/u/11268?v=4,https://github.com/markmarkoh/datamaps,3777,2012-11-10T19:04:40Z,2024-08-16T08:30:07Z,2023-04-25T04:38:01Z
topogram,Continuous area cartograms with d3 and TopoJSON,https://avatars.githubusercontent.com/u/113896?v=4,https://github.com/shawnbot/topogram,327,2012-11-26T16:28:53Z,2024-06-09T10:26:26Z,2023-04-14T23:48:10Z
d3-exploder,Explode d3 maps to create new charts!,https://avatars.githubusercontent.com/u/4740806?v=4,https://github.com/bsouthga/d3-exploder,96,2015-01-20T23:26:42Z,2024-04-23T01:46:26Z,2020-10-01T17:46:11Z
d3-geo-polygon,Clipping and geometric operations for spherical polygons.,https://avatars.githubusercontent.com/u/1562726?v=4,https://github.com/d3/d3-geo-polygon,106,2017-09-13T18:43:12Z,2024-08-01T17:05:26Z,2024-07-11T11:37:23Z
d3-geo-projection,Extended geographic projections for d3-geo.,https://avatars.githubusercontent.com/u/1562726?v=4,https://github.com/d3/d3-geo-projection,1096,2013-06-23T16:50:58Z,2024-08-13T19:14:25Z,2023-07-12T15:24:37Z
d3-geo-scale-bar,Displays automatic scale bars for projected geospatial data.,https://avatars.githubusercontent.com/u/6527267?v=4,https://github.com/HarryStevens/d3-geo-scale-bar,45,2018-07-16T02:58:27Z,2024-07-31T16:29:21Z,2023-03-04T02:44:57Z
d3-geo-voronoi,Voronoi / Delaunay tessellations on the sphere,https://avatars.githubusercontent.com/u/7001?v=4,https://github.com/Fil/d3-geo-voronoi,228,2016-09-07T20:39:43Z,2024-07-28T23:38:23Z,2024-06-17T08:46:22Z
d3-geomap,A library for creating geographical maps based on D3.js,https://avatars.githubusercontent.com/u/60051?v=4,https://github.com/yaph/d3-geomap,133,2014-04-15T10:05:57Z,2024-08-02T10:00:53Z,2024-02-22T22:07:19Z
d3.geo2rect,Morphing geojson polygons into rectangles ,https://avatars.githubusercontent.com/u/302789?v=4,https://github.com/sebastian-meier/d3.geo2rect,199,2017-02-03T19:52:37Z,2024-06-01T11:20:49Z,2019-01-07T10:35:14Z
d3-inertia,Dragging stuff with inertia,https://avatars.githubusercontent.com/u/7001?v=4,https://github.com/Fil/d3-inertia,63,2017-11-06T14:05:12Z,2024-07-24T15:14:39Z,2023-07-18T20:28:09Z
mapmap.js,A data-driven API for interactive thematic maps,https://avatars.githubusercontent.com/u/95970?v=4,https://github.com/floledermann/mapmap.js,112,2015-03-09T08:30:14Z,2024-03-12T08:25:36Z,2019-10-16T06:32:54Z
maptable,"JS library which converts any dataset to an interactive set of components: a choropleth or heat map, filters and table",https://avatars.githubusercontent.com/u/15347439?v=4,https://github.com/Packet-Clearing-House/maptable,58,2014-12-10T03:16:49Z,2024-06-14T13:42:20Z,2024-06-14T22:37:49Z
simple-map-d3,"A very simple ""choropleth"" style map with D3.  All you need is a GeoJSON of polygons.",https://avatars.githubusercontent.com/u/1085124?v=4,https://github.com/MinnPost/simple-map-d3,115,2013-01-04T20:06:13Z,2024-05-05T21:00:32Z,2017-02-07T16:44:57Z
spam,A D3 library to create maps with Canvas,https://avatars.githubusercontent.com/u/12434704?v=4,https://github.com/newsappsio/spam,103,2015-06-11T21:01:51Z,2023-01-19T06:03:29Z,2022-09-29T23:46:35Z
leaflet-d3,Collection of plugins for using d3.js with Leaflet,https://avatars.githubusercontent.com/u/491054?v=4,https://github.com/bluehalo/leaflet-d3,261,2014-10-01T17:44:38Z,2024-07-07T03:15:08Z,2023-03-07T09:53:14Z
WikimapsAtlas-generator,"A command line utility to convert heavy GIS sources into elegant administrative & topographic topojson files, raster files, and web friendly svg maps.",https://avatars.githubusercontent.com/u/7090194?v=4,https://github.com/WikimapsAtlas/WikimapsAtlas-generator,45,2014-11-17T19:55:20Z,2023-03-01T17:30:36Z,2022-12-06T23:21:05Z
react-simple-maps,Beautiful React SVG maps with d3-geo and topojson using a declarative api.,https://avatars.githubusercontent.com/u/26087675?v=4,https://github.com/zcreativelabs/react-simple-maps,3053,2017-03-03T18:17:19Z,2024-08-17T10:05:54Z,2024-08-08T15:53:29Z
crossfilter,Fast n-dimensional filtering and grouping of records.,https://avatars.githubusercontent.com/u/12073349?v=4,https://github.com/crossfilter/crossfilter,1731,2015-06-02T13:42:34Z,2024-08-08T08:13:32Z,2023-07-19T00:43:22Z
d3kit-timeline,A simple timeline component that labels do not overlap.,https://avatars.githubusercontent.com/u/1659771?v=4,https://github.com/kristw/d3kit-timeline,371,2015-12-05T23:17:18Z,2024-06-10T18:23:17Z,2022-12-27T19:45:27Z
d3scription,D3.js tooltip plugin made simple. With single-page apps in mind.,https://avatars.githubusercontent.com/u/6952372?v=4,https://github.com/GlobalWebIndex/d3scription,30,2016-08-04T18:27:11Z,2023-09-11T10:51:36Z,2022-02-04T10:54:40Z
d3-annotation,"Use d3-annotation with built-in annotation types, or extend it to make custom annotations. It is made for d3-v4 in SVG.",https://avatars.githubusercontent.com/u/1449837?v=4,https://github.com/susielu/d3-annotation,749,2016-10-18T00:01:21Z,2024-08-17T13:58:54Z,2022-12-03T03:25:24Z
d3-area-label,A library for placing labels in areas.,https://avatars.githubusercontent.com/u/68416?v=4,https://github.com/curran/d3-area-label,76,2017-07-26T06:08:18Z,2024-07-13T13:10:44Z,2024-03-17T01:00:00Z
d3-breadcrumbs,,https://avatars.githubusercontent.com/u/6873202?v=4,https://github.com/bumbeishvili/d3-breadcrumbs,5,2017-11-05T11:58:43Z,2023-08-02T07:33:06Z,2021-12-03T14:23:14Z
d3-component,A lightweight component abstraction for D3.js.,https://avatars.githubusercontent.com/u/68416?v=4,https://github.com/curran/d3-component,108,2015-08-22T02:06:59Z,2024-02-21T15:07:08Z,2017-12-18T23:21:28Z
d3-extended,Extends D3 with some common jQuery functions and more,https://avatars.githubusercontent.com/u/132361782?v=4,https://github.com/wbkd/d3-extended,275,2015-04-29T17:23:35Z,2023-12-03T11:15:21Z,2017-08-30T13:52:22Z
d3-helpers,Little utility D3 functions,https://avatars.githubusercontent.com/u/2212006?v=4,https://github.com/bahmutov/d3-helpers,27,2014-04-02T15:51:23Z,2023-09-08T16:46:43Z,2020-07-15T19:48:48Z
d3-history,proper URL bar history for D3.js,https://avatars.githubusercontent.com/u/3488572?v=4,https://github.com/vijithassar/d3-history,50,2016-05-28T15:44:42Z,2023-06-04T14:15:21Z,2017-11-29T08:01:28Z
d3-hsluv,D3 implementation of human-friendly HSL,https://avatars.githubusercontent.com/u/3466817?v=4,https://github.com/petulla/d3-hsluv,10,2017-12-22T20:29:09Z,2024-03-20T20:54:54Z,2018-08-06T21:13:56Z
d3-iconarray,A D3 module for making grids of icons,https://avatars.githubusercontent.com/u/125399?v=4,https://github.com/tomgp/d3-iconarray,85,2015-07-31T07:32:03Z,2024-01-29T20:12:06Z,2021-07-17T07:41:50Z
d3-interpolate-path,Interpolates path `d` attribute smoothly when A and B have different number of points.,https://avatars.githubusercontent.com/u/793847?v=4,https://github.com/pbeshai/d3-interpolate-path,316,2016-08-25T02:19:58Z,2024-08-17T16:47:25Z,2023-01-07T04:11:44Z
d3-jetpack, üöÄ Nifty convenience wrappers that speed up your daily work with d3.js,https://avatars.githubusercontent.com/u/617518?v=4,https://github.com/gka/d3-jetpack,613,2015-02-12T21:22:19Z,2024-07-31T17:50:43Z,2023-02-23T11:47:44Z
d3-lasso,A lasso plugin for d3,https://avatars.githubusercontent.com/u/5554373?v=4,https://github.com/skokenes/d3-lasso,88,2016-09-21T02:43:14Z,2024-03-26T10:36:17Z,2021-05-05T14:57:50Z
d3-legend,A reusable d3 legend component. ,https://avatars.githubusercontent.com/u/1449837?v=4,https://github.com/susielu/d3-legend,729,2015-06-10T20:19:36Z,2024-08-17T13:57:40Z,2024-07-22T21:03:02Z
d3-loom,d3 plugin to create a loom chart layout (for d3-v4),https://avatars.githubusercontent.com/u/5062746?v=4,https://github.com/nbremer/d3-loom,93,2017-05-25T20:42:30Z,2023-11-14T00:03:47Z,2017-08-02T08:23:15Z
d3-nelson-rules,d3 utility to apply nelsons rules of process control to a set of data,https://avatars.githubusercontent.com/u/17273127?v=4,https://github.com/53seven/d3-nelson-rules,16,2015-12-12T04:03:47Z,2019-10-31T12:31:42Z,2020-06-02T18:12:56Z
d3-peaks,Find peaks in a noisy signal,https://avatars.githubusercontent.com/u/879348?v=4,https://github.com/efekarakus/d3-peaks,54,2016-02-29T00:37:42Z,2023-10-27T07:53:55Z,2016-03-25T03:05:39Z
d3-ring-note,D3 plugin for placing circle and text annotation,https://avatars.githubusercontent.com/u/5270903?v=4,https://github.com/armollica/d3-ring-note,110,2016-05-21T21:49:36Z,2024-01-04T16:04:57Z,2016-05-25T00:18:19Z
d3-scale-cluster,D3 scale that clusters data into discrete groups,https://avatars.githubusercontent.com/u/875591?v=4,https://github.com/schnerd/d3-scale-cluster,133,2016-09-14T17:50:46Z,2023-08-19T16:06:49Z,2023-03-04T02:32:01Z
d3-sparql,Query a SPARQL endpoint with a SELECT query and get the data ready to be used with d3js,https://avatars.githubusercontent.com/u/8504419?v=4,https://github.com/zazuko/d3-sparql,116,2017-07-22T13:45:55Z,2024-05-25T23:30:11Z,2019-05-10T08:00:54Z
d3-template,D3 plugin to create and render templates using D3's data binding mechanism,https://avatars.githubusercontent.com/u/5963296?v=4,https://github.com/ErikOnBike/d3-template,8,2018-01-24T21:41:59Z,2023-05-23T13:17:00Z,2023-05-23T13:22:24Z
d3-tooltip,"Simple, beautiful data driven tooltip",https://avatars.githubusercontent.com/u/6873202?v=4,https://github.com/bumbeishvili/d3-tooltip,12,2017-11-06T09:15:01Z,2024-03-05T10:38:02Z,2022-03-13T09:28:38Z
d3-voronoi-treemap,D3 plugin which computes a treemap based on a Voronoi tesselation,https://avatars.githubusercontent.com/u/4328986?v=4,https://github.com/Kcnarf/d3-voronoi-treemap,202,2017-11-28T13:35:04Z,2024-08-01T14:21:04Z,2022-08-16T09:47:02Z
d3-xray,view the data bound to a D3.js project simply by mousing over elements,https://avatars.githubusercontent.com/u/3488572?v=4,https://github.com/vijithassar/d3-xray,27,2016-03-18T18:59:38Z,2023-12-23T17:35:48Z,2017-04-27T07:00:48Z
swoopyarrows,swoopyarrows makes swoopy arrows between things,https://avatars.githubusercontent.com/u/6457498?v=4,https://github.com/bizweekgraphics/swoopyarrows,105,2014-06-12T22:52:35Z,2024-04-17T05:33:22Z,2017-05-02T20:09:22Z
swoopy-drag,Artisanal label placement for d3 graphics,https://avatars.githubusercontent.com/u/1643998?v=4,https://github.com/1wheel/swoopy-drag,120,2016-03-04T19:24:36Z,2024-01-10T09:24:09Z,2018-07-05T03:05:09Z
textures,Textures.js is a JavaScript library for creating SVG patterns,https://avatars.githubusercontent.com/u/1370300?v=4,https://github.com/riccardoscalco/textures,6027,2015-01-28T12:24:23Z,2024-08-09T02:18:43Z,2023-01-01T20:03:38Z
chess-dataviz,chess visualization library written for d3.js,https://avatars.githubusercontent.com/u/304523?v=4,https://github.com/ebemunk/chess-dataviz,71,2015-05-01T19:49:23Z,2024-07-12T23:35:43Z,2021-05-06T16:30:12Z
CodeFlower,Source code visualization utility written in JavaScript with d3.js. Does your code look beautiful?,https://avatars.githubusercontent.com/u/99944?v=4,https://github.com/fzaninotto/CodeFlower,692,2013-03-04T09:40:45Z,2024-08-05T12:55:17Z,2021-05-28T05:04:53Z
d3-cloud,Create word clouds in JavaScript.,https://avatars.githubusercontent.com/u/31223?v=4,https://github.com/jasondavies/d3-cloud,3817,2012-02-08T19:38:01Z,2024-08-17T03:24:14Z,2024-03-10T21:31:59Z
d3-context-menu,A plugin for d3.js that allows you to easy use context-menus in your visualizations.,https://avatars.githubusercontent.com/u/521224?v=4,https://github.com/patorjk/d3-context-menu,140,2014-08-18T04:46:47Z,2024-06-30T01:41:45Z,2021-01-09T19:56:47Z
d3-force-gravity,Implement gravitational attraction (or force-field-like repulsion) using d3-force,https://avatars.githubusercontent.com/u/6852008?v=4,https://github.com/sohamkamani/d3-force-gravity,22,2016-08-12T07:45:20Z,2023-03-29T08:17:37Z,2016-08-12T14:26:49Z
d3-force-reuse,Faster force-directed graph layouts by reusing force approximations,https://avatars.githubusercontent.com/u/6350922?v=4,https://github.com/twosixlabs/d3-force-reuse,124,2018-11-14T20:10:12Z,2024-06-17T11:49:03Z,2021-07-29T14:36:24Z
d3-force-sampled,"A fast, simple, memory-efficient graph layout algorithm for visualizing networks in D3",https://avatars.githubusercontent.com/u/6350922?v=4,https://github.com/twosixlabs/d3-force-sampled,50,2019-03-03T22:00:40Z,2024-06-19T09:41:21Z,2022-02-18T22:30:09Z
d3.sketchy,"A tool to create sketchy backgrounds, shapes and lines",https://avatars.githubusercontent.com/u/302789?v=4,https://github.com/sebastian-meier/d3.sketchy,245,2015-07-28T22:56:24Z,2024-08-17T14:17:21Z,2015-08-03T10:33:37Z
d3plus-text,A smart SVG text box with line wrapping and automatic font size scaling.,https://avatars.githubusercontent.com/u/13490477?v=4,https://github.com/d3plus/d3plus-text,104,2015-08-16T01:19:27Z,2024-07-10T13:52:12Z,2024-03-26T15:22:13Z
graph-scroll,scrollers > steppers ,https://avatars.githubusercontent.com/u/1643998?v=4,https://github.com/1wheel/graph-scroll,509,2014-12-27T08:58:31Z,2024-07-10T13:50:25Z,2020-03-21T23:38:05Z
mermaid,Generation of diagrams like flowcharts or sequence diagrams from text in a similar manner as markdown,https://avatars.githubusercontent.com/u/57169982?v=4,https://github.com/mermaid-js/mermaid,70046,2014-11-01T23:52:32Z,2024-08-18T06:23:06Z,2024-08-17T14:56:07Z
netvis,d3.js-based tool to visualize network communication for arbitrary protocols,https://avatars.githubusercontent.com/u/816895?v=4,https://github.com/dborzov/netvis,17,2014-10-27T01:03:14Z,2024-07-10T13:50:49Z,2015-02-20T03:59:13Z
treeviz,Tree diagrams with JavaScript :evergreen_tree: :chart_with_upwards_trend:,https://avatars.githubusercontent.com/u/26744253?v=4,https://github.com/PierreCapo/treeviz,158,2018-06-10T17:23:40Z,2024-08-16T19:07:25Z,2024-04-03T19:05:28Z
twitter-sentiment-visualisation,"üåç Sentiment analysis over real-time social media data, rendering live charts to visualise trends ",https://avatars.githubusercontent.com/u/1862727?v=4,https://github.com/Lissy93/twitter-sentiment-visualisation,208,2015-07-24T09:25:24Z,2024-08-12T19:18:27Z,2023-11-04T11:58:40Z
d3-node,Server-side D3 for static chart/map generation ‚ú®üìä,https://avatars.githubusercontent.com/u/26352883?v=4,https://github.com/d3-node/d3-node,683,2016-07-13T21:06:21Z,2024-08-17T13:36:01Z,2024-06-18T21:47:07Z
Kyrix,Interactive details-on-demand data visualizations at scale,https://avatars.githubusercontent.com/u/5410441?v=4,https://github.com/tracyhenry/Kyrix,146,2017-12-20T18:28:26Z,2024-07-20T07:23:49Z,2023-06-22T17:15:54Z
echarts,"Apache ECharts is a powerful, interactive charting and data visualization library for browser",https://avatars.githubusercontent.com/u/47359?v=4,https://github.com/apache/echarts,59939,2013-04-03T03:18:59Z,2024-08-18T06:15:06Z,2024-08-15T04:04:44Z
tremor,React components to build charts and dashboards,https://avatars.githubusercontent.com/u/97241560?v=4,https://github.com/tremorlabs/tremor,16040,2022-04-19T20:54:32Z,2024-08-17T22:17:56Z,2024-08-15T19:11:58Z